image,label
ATSSE9420.jpeg,4
DEOSE5790.jpeg,4
DURXE9336.jpeg,8
DZUNE1963.jpeg,8
DZUNE1963x.jpeg,3
EISEE7212.jpeg,4
ELEAE7522.jpeg,6
FRBNE2696.jpeg,9
FRDTE3649.jpeg,8
IANLE5504.jpeg,6
IRNJE5695.jpeg,9
JHRQE7293.jpeg,7
JTKCE9427.jpeg,2
JWUKE9955.jpeg,7
KCUZE7976.jpeg,1
KISQE6715.jpeg,4
LLTRE5029.jpeg,3
LRMME8373.jpeg,9
MKBPE7897.jpeg,5
MMDME7420.jpeg,5
OCMFE1508.jpeg,6
PUHHE9415.jpeg,1
PUHHE9415x.jpeg,2
QVLRE0447.jpeg,5
RJIME1302.jpeg,0
RJZQE5004.jpeg,0
RSWXE3553.jpeg,0
SAIYE7006.jpeg,0
TYYVE8720.jpeg,3
TZHGE9167.jpeg,2
USHDE1366.jpeg,9
UZWXE7930.jpeg,1
VQTXE7075.jpeg,1
WJLUE4505.jpeg,7
WTSYE4666.jpeg,3
XEXNE9389.jpeg,6
XJMXE3718.jpeg,7
XRRME5123.jpeg,2
YFZXE0982.jpeg,5
YIZCE7555.jpeg,8
